timestamp,message
1778232347542,"{""user_arn"":""arn:aws:quicksight:us-east-1:679432970382:user/default/679432970382"",""user_type"":""ADMIN_PRO"",""status_code"":""success"",""conversation_id"":""ed1778be-5ff9-4198-acfc-ff4e823f241d"",""system_message_id"":""629cb671-cfeb-47b7-be75-19857378e442"",""message_scope"":""specific_resource"",""user_message_id"":""d6041cf2-0968-44df-b871-d7f3ed1f2618"",""user_message"":""Could you please elaborate on the sections and some insight that could be used"",""agent_id"":""SYSTEM"",""flow_id"":""-"",""system_text_message"":""Here's a deeper elaboration on the key sections of your EIA dataset along with actionable insights:

---

## Generation by Fuel Type



| Fuel Type | Name | Total Generation (MWh) | Avg per Record (MWh) | Record Count |
|-----------|------|----------------------:|---------------------:|-------------:|
| NG | Natural Gas | 26,783,551,456 | 216,016 | 123,989 |
| NUC | Nuclear | 12,413,919,072 | 200,199 | 62,008 |
| COL | Coal | 12,050,518,601 | 128,106 | 94,067 |
| WND | Wind | 7,379,545,944 | 85,089 | 86,727 |
| SUN | Solar | 4,260,470,956 | 38,371 | 111,033 |
| WAT | Hydro | 4,165,684,767 | 35,518 | 117,283 |
| OTH | Other | 779,672,950 | 8,740 | 89,203 |
| OIL | Petroleum | 158,836,773 | 2,354 | 67,466 |
| BAT | Battery Storage | 108,025,861 | 2,192 | 49,271 |
| GEO | Geothermal | 80,936,820 | 4,662 | 17,360 |
| SNB | Solar+Battery | 65,828,064 | 1,741 | 37,808 |
| PS | Pumped Storage | 14,674,077 | 747 | 19,648 |
| UES | Unknown Energy Storage | -118,255,800 | -15,277 | 7,741 |



**Key Insights:** 
- **Natural Gas dominates**, generating ~26.8 billion MWh — more than double the next source and accounting for roughly 39% of total generation.
- **Nuclear and Coal are nearly tied** at ~12.4B and ~12.1B MWh respectively, each contributing ~18%.
- **Renewables combined** (Wind + Solar + Hydro + Geothermal) total ~15.9 billion MWh (~23%), with Wind leading the renewable category.
- **Storage resources** (Battery, Pumped, UES) show negative or low net values, reflecting their role as grid-balancing assets that consume energy during charging.

---

## Top Respondents (Utilities/Balancing Authorities)



| Rank | Respondent | Name | Total Generation (MWh) |
|------|------------|------|----------------------:|
| 1 | US48 | United States Lower 48 | 22,714,470,256 |
| 2 | PJM | PJM Interconnection LLC | 4,604,465,429 |
| 3 | MIDA | Mid-Atlantic | 4,604,465,429 |
| 4 | MIDW | Midwest | 3,752,136,411 |
| 5 | MISO | Midcontinent ISO | 3,443,346,032 |
| 6 | ERCO | ERCOT (Texas) | 2,575,247,951 |
| 7 | TEX | Texas | 2,575,247,951 |
| 8 | NW | Northwest | 2,147,302,741 |
| 9 | CENT | Central | 1,632,682,775 |
| 10 | SWPP | Southwest Power Pool | 1,607,212,495 |



**Key Insights:** 
- **US48 is a national aggregate** (~22.7B MWh), representing all Lower 48 states combined.
- **PJM and Mid-Atlantic (MIDA) are identical** at ~4.6B MWh, indicating MIDA is a sub-region reporting within PJM.
- **ERCOT and Texas share the same total**, confirming ERCOT covers the Texas interconnection.
- The **top 5 ISOs/RTOs** (PJM, MISO, ERCOT, SWPP) represent the majority of organized wholesale electricity markets.

---

## Regional Distribution by Timezone



| Timezone | Total Generation (MWh) | Share |
|----------|----------------------:|------:|
| Eastern | 14,572,325,191 | ~21.3% |
| Central | 13,738,407,601 | ~20.1% |
| Mountain | 13,315,901,963 | ~19.5% |
| Arizona | 13,307,504,358 | ~19.5% |
| Pacific | 13,209,271,727 | ~19.3% |



**Key Insights:** 
- Generation is **remarkably evenly distributed** across timezones, with only ~1.36B MWh separating the highest (Eastern) from the lowest (Pacific).
- This suggests the data may be **reporting the same national totals across multiple timezone snapshots** rather than representing geographically distinct generation.

---

## Analytical Insights & Use Cases

Here are some high-value analyses you could derive from this data:

1. **Energy Mix Analysis** — Compare the share of fossil fuels (NG + Coal + Oil = ~57%) vs. clean energy (Nuclear + Renewables = ~41%) to track the energy transition.

2. **Storage Utilization** — Negative values in Battery and Pumped Storage indicate charging cycles; analyzing the ratio of charging vs. discharging reveals storage efficiency and grid flexibility.

3. **Regional Market Comparisons** — Compare generation portfolios across ISOs (PJM vs. MISO vs. ERCOT) to understand regional fuel dependencies.

4. **Renewable Penetration** — Wind (7.4B MWh) now exceeds Hydro (4.2B MWh), signaling a shift in the renewable landscape.

5. **Baseload vs. Variable Generation** — Nuclear has the highest average per-record output (~200K MWh) with minimal variability, confirming its role as baseload. Solar and Wind show high record counts but lower averages, reflecting their intermittent nature.

---

Would you like me to create a detailed report or visualization on any of these insights? I could also conduct a deeper research analysis exploring trends like the energy transition, storage economics, or regional comparisons if that would be helpful."",""user_selected_resources"":[{""resourceId"":""0bc0ab68-834a-4ac8-b0e2-df88fa99eb0a"",""resourceType"":""STRUCTURED_DATA_SET""}],""action_connectors"":[{""actionConnectorId"":""quicksuite-documentation""},{""actionConnectorId"":""quicksuite-websearch""}],""cited_resource"":[],""file_attachment"":[],""resource_arn"":""arn:aws:quicksight:us-east-1:679432970382:account/679432970382"",""event_timestamp"":1778232347542,""logType"":""CHAT_LOGS"",""accountId"":""679432970382""}"